CCAA,Andalucía,
CCAA,Aragón,
CCAA,Principado de Asturias,
CCAA,Islas Baleares,Prov.
CCAA,Canarias,
CCAA,Cantabria,Prov.
CCAA,Castilla y León,
CCAA,Castilla - La Mancha,
CCAA,Cataluña,
CCAA,Comunitat Valenciana,
CCAA,Extremadura,
CCAA,Galicia,
CCAA,Comunidad de Madrid,
CCAA,Región de Murcia,
CCAA,Comunidad Foral de Navarra,
CCAA,País Vasco,
CCAA,La Rioja,Prov.
CCAA,Ceuta,CProv. - Punto
CCAA,Melilla,CProv.
Capital provincia,Albacete,Punto
Capital provincia,Alicante,Punto
Capital provincia,Almería,Punto
Capital provincia,Vitoria,Punto
Capital provincia,Oviedo,Punto
Capital provincia,Ávila,Punto
Capital provincia,Badajoz,Punto
Capital provincia,Palma de Mallorca,Punto
Capital provincia,Barcelona,Punto - Int.
Capital provincia,Bilbao,Punto
Capital provincia,Burgos,Punto
Capital provincia,Cáceres,Punto
Capital provincia,Cádiz,Punto
Capital provincia,Santander,Punto
Capital provincia,Castellón de la Plana,Punto
Capital provincia,Ciudad Real,Punto
Capital provincia,Córdoba,Punto
Capital provincia,La Coruña,Punto
Capital provincia,Cuenca,Punto
Capital provincia,San Sebastián,Punto
Capital provincia,Girona,
Capital provincia,Granada,Punto
Capital provincia,Guadalajara,Punto
Capital provincia,Huelva,
Capital provincia,Huesca,Punto
Capital provincia,Jaén,
Capital provincia,León,Punto
Capital provincia,Lérida,Punto
Capital provincia,Lugo,Punto
Capital provincia,Madrid,Punto - Int.
Capital provincia,Málaga,Punto
Capital provincia,Murcia,Punto
Capital provincia,Pamplona,Punto
Capital provincia,Ourense,Punto
Capital provincia,Palencia,
Capital provincia,Las Palmas de Gran Canaria,Punto
Capital provincia,Pontevedra,Punto
Capital provincia,Logroño,Punto
Capital provincia,Salamanca,Punto
Capital provincia,Santa Cruz de Tenerife,Punto
Capital provincia,Segovia,Punto
Capital provincia,Sevilla,Punto
Capital provincia,Soria,Punto
Capital provincia,Tarragona,Punto
Capital provincia,Teruel,Punto
Capital provincia,Toledo,Punto
Capital provincia,Valencia,Punto
Capital provincia,Valladolid,Punto
Capital provincia,Zamora,Punto
Capital provincia,Zaragoza,Punto
Zonas turísticas,Costa de Almería,
Zonas turísticas,Costa de la Luz de Cádiz,
Zonas turísticas,Costa Tropical,
Zonas turísticas,Costa de la Luz de Huelva,
Zonas turísticas,Costa del Sol ,
Zonas turísticas,Costa Verde,
Zonas turísticas,Isla de Mallorca,
Zonas turísticas,Palma - Calviá,
Zonas turísticas,Isla de Menorca,
Zonas turísticas,Islas de Ibiza-Formentera,Punto (por separado)
Zonas turísticas,Isla de Gran Canaria,
Zonas turísticas,Sur de Gran Canaria,
Zonas turísticas,Isla de Lanzarote,
Zonas turísticas,Isla de Fuerteventura,
Zonas turísticas,Isla de Tenerife,
Zonas turísticas,Sur de Tenerife,
Zonas turísticas,Isla de La Gomera,
Zonas turísticas,Isla de La Palma,
Zonas turísticas,Costa de Barcelona,
Zonas turísticas,Costa Brava,
Zonas turísticas,Costa Daurada,
Zonas turísticas,Terres de l'Ebre,
Zonas turísticas,Terres de Lleida,
Zonas turísticas,Vall d'Aran,
Zonas turísticas,Costa Blanca,
Zonas turísticas,Costa de Castellón,
Zonas turísticas,Costa Valencia,
Zonas turísticas,Extremadura Norte,
Zonas turísticas,Costa Da Morte,
Zonas turísticas,Rías Altas,
Zonas turísticas,Costa A Mariña Lucense,
Zonas turísticas,Rías Baixas,
Zonas turísticas,Costa Cálida,
Zonas turísticas,Costa de Gipuzkoa,
Zonas turísticas,Costa de Bizkaia,
Zonas turísticas,Pirineo Aragonés,
Zonas turísticas,Pirineo Navarro ,
Zonas turísticas,Pirineo Vasco,
Zonas turísticas,Pirineus,
Puntos turísticos,Benidorm,
Puntos turísticos,Dénia,
Puntos turísticos,Elche,
Puntos turísticos,Carboneras,
Puntos turísticos,Mojácar,
Puntos turísticos,Níjar,
Puntos turísticos,Roquetas de Mar,
Puntos turísticos,Mérida,
Puntos turísticos,Zafra,
Puntos turísticos,Alcúdia,
Puntos turísticos,Calvià,
Puntos turísticos,Capdepera,
Puntos turísticos,Ciutadella de Menorca,
Puntos turísticos,Formentera,R-IS
Puntos turísticos,Ibiza,R-IS
Puntos turísticos,Llucmajor,
Puntos turísticos,Muro,
Puntos turísticos,Pollença,
Puntos turísticos,Sant Antoni de Portmany,
Puntos turísticos,Sant Josep de Sa Talaia,
Puntos turísticos,Sant Llorenç de Cardassar,
Puntos turísticos,Santa Eulalia del Río,
Puntos turísticos,Santa Margalida,
Puntos turísticos,Santanyí,
Puntos turísticos,Son Servera,
Puntos turísticos,Calella,
Puntos turísticos,Castelldefels,
Puntos turísticos,Santa Susanna,
Puntos turísticos,Sitges,
Puntos turísticos,Plasencia,
Puntos turísticos,Trujillo,
Puntos turísticos,Arcos de la Frontera,
Puntos turísticos,Barbate,
Puntos turísticos,Conil de la Frontera,
Puntos turísticos,Chiclana de la Frontera,
Puntos turísticos,Jerez de la Frontera,
Puntos turísticos,El Puerto de Santa María,
Puntos turísticos,Tarifa,
Puntos turísticos,Benicasim,
Puntos turísticos,Peñíscola,
Puntos turísticos,Fisterra,
Puntos turísticos,Santiago de Compostela,
Puntos turísticos,Begur,
Puntos turísticos,Castell- Platja d´Aro,
Puntos turísticos,Lloret de Mar,
Puntos turísticos,Palafrugell,
Puntos turísticos,Roses,
Puntos turísticos,Tossa de Mar,
Puntos turísticos,Almuñécar,
Puntos turísticos,Sigüenza,
Puntos turísticos,Benasque,
Puntos turísticos,Jaca,
Puntos turísticos,Sallent de Gállego,
Puntos turísticos,Cazorla,
Puntos turísticos,Úbeda,
Puntos turísticos,Ponferrada,
Puntos turísticos,Naut Arant,
Puntos turísticos,La Vall de Boí,
Puntos turísticos,Vielha e Mijaran,
Puntos turísticos,Ribadeo,
Puntos turísticos,Sarria,
Puntos turísticos,Benalmádena,
Puntos turísticos,Estepona,
Puntos turísticos,Fuengirola,
Puntos turísticos,Marbella,
Puntos turísticos,Nerja,
Puntos turísticos,Ronda,
Puntos turísticos,Torremolinos,
Puntos turísticos,Cartagena,
Puntos turísticos,San Javier,
Puntos turísticos,Cangas de Onís,
Puntos turísticos,Gijón,
Puntos turísticos,Valdés,
Puntos turísticos,Llanes,
Puntos turísticos,Ribadesella,
Puntos turísticos,Villaviciosa,
Puntos turísticos,Antigua,
Puntos turísticos,Mogán,
Puntos turísticos,La Oliva,
Puntos turísticos,Pájara,
Puntos turísticos,San Bartolomé de Tirajana,
Puntos turísticos,Teguise,
Puntos turísticos,Tías,
Puntos turísticos,Yaiza,
Puntos turísticos,Els Grove,
Puntos turísticos,Sanxenxo,
Puntos turísticos,Vigo,
Puntos turísticos,Ciudad Rodrigo,
Puntos turísticos,Adeje,
Puntos turísticos,Arona,
Puntos turísticos,Puerto de la Cruz,
Puntos turísticos,Santillana del Mar,
Puntos turísticos,Suances,
Puntos turísticos,Cambrils,
Puntos turísticos,Salou,
Puntos turísticos,Albarracín,
Puntos turísticos,Gandía,
Internacional,Amsterdam,
Internacional,Frankfurt,
Internacional,Istanbul,
Internacional,London,
Internacional,Milan,
Internacional,Munich,
Internacional,Paris,
Internacional,Prague,
Internacional,Rome,
Internacional,Vienna,
Otras provincias,Álava,
Otras provincias,Asturias,
Otras provincias,Vizcaya,
Otras provincias,Castellón,
Otras provincias,Guipúzcoa,
Otras provincias,Navarra,
Otras provincias,Las Palmas,
